{
  "found": true,
  "method": "features",
  "scale": 0.4181186587891136,
  "x": 74.19499206542969,
  "y": 294.53924560546875,
  "corners": [
    [
      74.15404510498047,
      294.4580383300781
    ],
    [
      425.45770263671875,
      294.3418273925781
    ],
    [
      425.3412170410156,
      600.1027221679688
    ],
    [
      74.47509002685547,
      600.1749877929688
    ]
  ],
  "inliers": 718,
  "score": null,
  "confidence": 0.967654986522911,
  "visualization_path": "result.png"
}