{
  "found": true,
  "method": "features",
  "scale": 0.6670610313677946,
  "x": 254.52308654785156,
  "y": 195.69068908691406,
  "corners": [
    [
      258.3494567871094,
      196.3329315185547
    ],
    [
      354.73712158203125,
      204.91241455078125
    ],
    [
      344.6779479980469,
      306.04376220703125
    ],
    [
      243.404296875,
      296.7376708984375
    ]
  ],
  "inliers": 43,
  "score": null,
  "confidence": 0.7962962962962963,
  "visualization_path": "demo\\result.png"
}